Code,Name,Address,Phone,BDay,Gender
1,Roger,521 Kedzie Road,86-(830)169-8088,28/10/1981,false
2,Joshua,96 Maywood Center,55-(931)617-4919,18/05/1997,true
3,Bruce,0 Steensland Center,86-(956)227-4402,28/03/1984,false
4,Keith,71 Goodland Way,63-(338)998-4969,10/03/1997,false
5,Patrick,0301 Arizona Hill,7-(501)293-9763,11/12/1990,false
6,Richard,94623 Farmco Trail,7-(870)488-0327,27/03/1982,false
7,Howard,4349 Laurel Drive,386-(307)107-7626,05/12/1982,true
8,Jose,4872 Forest Run Park,81-(131)945-0899,15/01/1985,true
9,Jimmy,808 Blue Bill Park Street,64-(887)923-4687,08/10/1989,true
10,Larry,1 Marquette Place,51-(272)561-1087,27/07/1990,true
11,Clarence,944 Anthes Place,51-(453)543-0757,09/03/1985,false
12,Thomas,475 Burrows Center,63-(532)253-7612,01/06/1997,true
13,Peter,280 Crescent Oaks Road,63-(897)769-4602,24/02/1993,false
14,Jonathan,97 Carioca Pass,63-(314)279-7208,22/04/1991,false
15,Frank,18244 Pearson Crossing,63-(658)647-3962,19/04/1995,false
16,Carlos,411 Karstens Terrace,62-(836)198-8303,26/12/1980,true
17,Brian,9 Upham Terrace,86-(297)588-5559,07/10/1991,true
18,Benjamin,03 Hoepker Pass,62-(126)725-6208,11/10/1983,true
19,Alan,7 Oriole Pass,48-(435)737-1242,14/03/1999,true
20,Raymond,2109 Mosinee Way,60-(316)770-7398,14/07/1998,false
21,Larry,68 Pankratz Circle,27-(475)268-8634,19/06/1984,true
22,David,48740 Dottie Place,966-(412)670-5287,11/03/1995,false
23,Roger,5 Washington Road,30-(750)754-1415,07/05/1993,false
24,Timothy,182 Golden Leaf Road,7-(238)887-1270,08/03/1993,true
25,Brian,3719 Pennsylvania Park,380-(178)618-6100,26/06/2000,true
26,Samuel,1778 Mifflin Terrace,55-(767)776-4985,27/12/1993,false
27,Scott,0 Roxbury Crossing,254-(533)956-0867,02/06/1997,true
28,Shawn,59070 Sheridan Alley,92-(392)239-0386,17/01/1985,true
29,Philip,95410 Esker Avenue,351-(870)557-6264,07/05/1980,false
30,Jason,16249 Schmedeman Court,60-(774)376-1727,28/07/1986,false
31,Russell,97685 Mallory Court,86-(327)315-1718,11/04/1990,true
32,Chris,705 Oriole Alley,385-(527)233-4126,12/05/1995,true
33,Randy,0833 Twin Pines Park,1-(230)269-6309,10/11/1999,true
34,Lawrence,8 Homewood Pass,86-(304)382-2892,21/09/1983,false
35,Paul,52 Karstens Court,63-(903)194-2770,17/02/1994,false
36,Earl,18 Forest Terrace,86-(947)971-0452,01/05/2000,true
37,Kevin,309 Green Place,358-(296)475-7985,29/08/1994,false
38,Jonathan,0114 Forest Dale Street,86-(579)382-8915,30/11/1988,true
39,Sean,91 4th Circle,976-(211)863-1944,24/08/1990,true
40,Matthew,0 Charing Cross Crossing,43-(206)792-7360,02/04/1994,false
41,Walter,7673 Derek Lane,86-(410)826-3439,02/09/1994,true
42,Bobby,94 Summerview Plaza,7-(911)345-7807,01/02/1998,false
43,Harry,987 Maple Lane,62-(536)248-1584,26/03/1984,true
44,Craig,3854 Declaration Place,420-(954)672-4100,04/11/1997,false
45,Jeffrey,757 Orin Way,63-(618)591-2387,01/08/1993,true
46,Charles,9 Leroy Street,62-(344)611-5636,19/09/1991,false
47,Jose,8938 Elka Alley,1-(110)523-6474,02/07/1997,false
48,Eugene,84 Fremont Crossing,46-(360)249-7087,26/12/1999,true
49,Harry,726 Arkansas Hill,86-(478)472-2356,18/06/1981,true
50,Eric,485 Summerview Street,351-(585)179-8389,17/10/1980,false
51,Jose,91546 Dexter Parkway,93-(335)379-1262,18/06/1988,true
52,Jesse,95251 Lotheville Street,1-(430)354-1636,16/10/1997,true
53,Benjamin,773 Novick Pass,351-(636)597-1026,11/03/1988,false
54,Antonio,5717 Portage Circle,63-(784)203-5745,03/05/1991,true
55,Keith,51070 Gateway Pass,54-(210)588-1971,11/07/1997,false
56,Earl,594 Melvin Junction,86-(845)834-3041,19/01/1997,false
57,Sean,27759 Delladonna Crossing,212-(470)637-5935,06/10/1985,true
58,Eric,7 2nd Place,86-(980)470-7220,03/11/1992,false
59,Terry,16 North Hill,86-(803)187-5373,02/09/1996,true
60,Russell,9 Dryden Avenue,1-(381)609-3573,14/11/1995,true
61,Gerald,5 Anhalt Alley,225-(748)172-3590,25/02/1997,true
62,Phillip,7108 Carey Hill,7-(738)340-5776,14/02/1987,false
63,Terry,41804 Tennessee Hill,86-(923)550-4675,14/05/1989,true
64,Stephen,5 Esker Pass,62-(395)543-0455,21/07/1992,true
65,Mark,881 Menomonie Point,1-(252)140-6035,25/09/1989,true
66,Shawn,1 Coolidge Plaza,54-(539)309-5050,06/01/1983,true
67,Jose,4 Golf View Avenue,57-(719)119-3287,06/12/1981,false
68,Douglas,67 Monica Lane,351-(300)214-8591,15/10/1992,false
69,Martin,0873 Fordem Center,967-(613)444-1618,06/07/1987,true
70,Brandon,650 4th Center,63-(262)933-1639,07/08/1981,false
71,Phillip,8 Delaware Pass,33-(735)965-2739,12/04/1990,false
72,Henry,61836 Cordelia Terrace,992-(419)799-4783,24/08/1991,true
73,Jeremy,54763 Thierer Avenue,86-(117)752-3876,28/04/1988,false
74,Earl,9180 Hoard Street,98-(525)638-6404,11/12/1983,false
75,Justin,1 Melvin Circle,57-(272)132-3123,29/12/1996,true
76,Nicholas,229 Mcguire Alley,86-(728)180-7602,15/10/1984,true
77,Adam,6 Chive Alley,86-(378)103-9857,01/07/1991,false
78,Dennis,519 Clemons Plaza,506-(810)923-4483,21/01/1998,false
79,Joshua,3316 Gateway Avenue,33-(168)596-9034,01/01/1990,false
80,Shawn,5418 Ohio Crossing,7-(486)500-9514,27/10/1995,false
81,Justin,2 Lyons Junction,48-(767)533-0495,29/09/1991,false
82,Earl,1 Vernon Avenue,389-(738)749-6008,12/04/1982,false
83,Gregory,64 Tennyson Trail,596-(579)492-2994,01/09/1980,false
84,Phillip,733 Bellgrove Crossing,264-(204)280-0022,05/01/1997,true
85,Justin,39 Kedzie Pass,63-(412)239-8310,13/11/1987,true
86,Richard,23 Toban Court,977-(965)220-3065,27/09/1984,true
87,Jimmy,14 Lawn Point,81-(987)760-9985,22/03/1981,false
88,Jesse,97 Algoma Plaza,62-(579)622-9196,14/11/1981,true
89,Brian,684 Warrior Circle,63-(936)520-6603,16/09/1990,true
90,Larry,734 Hermina Circle,351-(635)331-8517,04/02/1988,true
91,Timothy,1 Fairview Way,242-(874)965-6200,03/05/1980,false
92,Steve,3 Di Loreto Alley,57-(259)417-5578,10/07/1997,false
93,James,557 Bobwhite Plaza,1-(865)569-2625,14/03/1996,true
94,Scott,92 Golf Course Court,386-(648)900-1708,04/07/1985,false
95,Walter,5388 Calypso Crossing,62-(418)997-8185,16/09/1984,false
96,Steve,24660 Center Junction,7-(186)276-6486,09/02/1980,false
97,Andrew,1257 Alpine Hill,33-(839)748-5807,14/01/1997,true
98,Robert,8858 Hazelcrest Road,1-(508)125-1389,04/04/2000,false
99,Carlos,7 Southridge Road,62-(109)897-9708,17/10/1998,true
100,Fred,6 Lakewood Gardens Parkway,46-(750)161-2956,07/04/1982,false
101,Joseph,014 Spaight Terrace,33-(760)496-2070,24/10/1986,false
102,Henry,6 Norway Maple Point,33-(415)960-4847,09/02/1981,false
103,Douglas,63 Artisan Avenue,7-(950)439-6093,03/05/1997,true
104,Henry,2617 Boyd Crossing,230-(642)951-6308,20/04/1985,true
105,Todd,2 Maryland Trail,82-(992)572-2205,17/06/1983,false
106,Johnny,8967 Crest Line Circle,49-(135)651-6830,23/06/1983,false
107,Paul,0634 Ilene Court,86-(148)932-9578,16/11/1990,false
108,Michael,8 3rd Street,1-(904)990-3864,30/08/1990,true
109,Ralph,635 Hazelcrest Circle,51-(907)709-8391,16/10/1987,false
110,Brian,50157 High Crossing Alley,66-(654)221-5648,30/11/1988,true
111,Todd,196 Bunting Center,355-(229)250-9240,31/12/1996,false
112,Matthew,31 Helena Alley,56-(542)745-6569,18/07/1988,false
113,Henry,58150 Hudson Way,242-(942)852-0019,09/04/1996,false
114,Keith,33185 Parkside Drive,48-(497)998-5845,18/03/1984,false
115,Clarence,341 Northview Road,976-(377)707-9684,21/09/1998,true
116,Anthony,750 Ohio Place,7-(306)546-9540,01/10/1993,false
117,Jeremy,55 Onsgard Hill,46-(960)711-3173,12/06/1994,true
118,Jimmy,52 Fairfield Lane,33-(314)515-9604,13/01/1992,false
119,Terry,61632 Southridge Park,84-(663)721-8865,28/03/1989,false
120,Joshua,35422 Clarendon Way,55-(146)161-9499,10/04/1985,false
121,Terry,8 Red Cloud Hill,389-(304)136-0354,06/05/1983,true
122,Jack,651 Mariners Cove Avenue,7-(218)239-3411,20/10/1988,true
123,Bruce,84 Evergreen Street,86-(648)648-4306,22/12/1983,false
124,Peter,6 Hoard Point,86-(308)147-7248,27/04/1982,false
125,Frank,579 Moulton Hill,970-(916)969-2084,02/09/1982,false
126,Jesse,5 Roxbury Point,55-(380)117-1704,10/12/1981,true
127,Jeremy,71791 Mccormick Junction,86-(525)406-7892,02/01/1983,false
128,Kevin,14151 Dryden Court,234-(535)221-0054,21/05/1992,false
129,Anthony,0 Corben Parkway,54-(609)918-6394,09/08/1992,false
130,Todd,65422 Golf View Avenue,265-(932)761-0502,27/08/1999,false
131,Walter,139 Raven Trail,689-(215)536-4554,16/03/2000,false
132,Henry,92003 Jenifer Circle,420-(239)307-4298,19/03/1992,false
133,Terry,2092 Maple Lane,225-(704)726-2257,09/11/1993,false
134,Robert,884 Buena Vista Junction,86-(634)108-1860,26/05/1987,false
135,John,564 Nelson Trail,353-(407)278-2123,22/02/1998,true
136,William,131 Elka Center,218-(465)602-4738,10/05/1991,false
137,Benjamin,596 Farmco Plaza,86-(850)274-8847,30/03/1980,true
138,Earl,2354 Garrison Pass,7-(845)589-8776,06/11/1983,false
139,Johnny,4 7th Plaza,7-(103)570-2609,23/12/1989,false
140,Albert,9606 Everett Drive,86-(399)563-6537,03/02/1999,false
141,Chris,38486 Washington Street,66-(978)946-6791,15/03/1991,false
142,Donald,8 Elka Lane,351-(395)304-1899,23/10/1999,false
143,Jonathan,353 Rockefeller Junction,63-(226)280-3032,12/06/1980,false
144,William,7 Vernon Plaza,92-(627)808-5531,11/08/1987,true
145,Andrew,330 International Center,355-(383)340-9235,09/04/1997,false
146,Juan,6 Trailsway Trail,1-(206)445-4796,21/03/1987,false
147,Charles,99 Helena Park,86-(221)686-0793,04/08/1991,true
148,James,92084 Lakeland Junction,82-(620)350-0067,27/11/1981,false
149,Craig,2 Bellgrove Circle,86-(484)536-9471,07/05/1987,false
150,Larry,4 Chinook Junction,86-(848)620-9989,28/09/1987,false
151,Chris,8663 Vahlen Lane,86-(203)594-1100,29/07/1987,false
152,Victor,44 Lukken Trail,55-(745)346-9235,18/09/1982,true
153,Jimmy,208 Sutherland Plaza,380-(628)816-7665,20/10/1994,false
154,Gary,2 Sutteridge Road,86-(295)157-2801,13/09/1981,false
155,Steve,72 Esch Alley,63-(727)635-8886,02/09/1996,false
156,Randy,6 Stone Corner Terrace,86-(470)472-2877,24/06/1986,false
157,Roger,6081 Northridge Point,46-(190)296-9684,12/03/1984,false
158,Ernest,49 Corben Junction,86-(319)646-0960,12/10/1992,false
159,Russell,4938 Hanover Crossing,60-(208)245-9187,11/10/1988,false
160,Lawrence,7 Morningstar Plaza,62-(907)148-4156,10/01/1989,true
161,Joshua,77 Summit Trail,55-(954)512-3981,15/12/1992,false
162,Juan,601 Crownhardt Way,86-(230)697-4923,26/11/1997,true
163,Mark,93 Lerdahl Hill,386-(106)850-5269,11/07/1981,false
164,Walter,9 Bluejay Park,51-(354)407-7217,22/05/2000,false
165,William,62 Chinook Crossing,86-(929)317-4227,20/11/1993,true
166,Edward,590 Fairview Center,52-(506)961-3081,05/05/1989,true
167,Michael,943 Monica Parkway,60-(201)890-6358,07/11/1991,false
168,Peter,02055 Roxbury Alley,1-(502)755-4038,23/10/1988,false
169,Ralph,1522 Harper Place,353-(151)727-9308,21/03/1982,true
170,Daniel,607 Kinsman Road,7-(858)761-4705,26/03/1981,false
171,Alan,8789 Golf Course Street,30-(954)828-0964,27/08/1995,true
172,Gregory,6 Bellgrove Street,63-(614)103-7188,28/09/1996,true
173,Eric,8019 Main Way,1-(551)984-5734,26/08/1988,false
174,Wayne,8237 Morningstar Lane,86-(107)762-7871,15/04/2000,true
175,Brian,03 Schlimgen Drive,86-(762)894-3726,28/03/1983,false
176,Shawn,3 Ryan Avenue,62-(184)668-9591,17/06/1980,false
177,Carl,33968 Dapin Road,7-(666)834-5057,07/09/1995,true
178,Joseph,898 Sullivan Avenue,86-(665)120-4844,04/01/1997,true
179,Harold,62961 Tennyson Park,52-(916)932-1348,23/10/1989,true
180,Joe,771 Crest Line Park,48-(823)290-5390,21/02/1989,false
181,Jeremy,42 Straubel Road,7-(794)108-7231,08/01/1984,true
182,Nicholas,89 Delaware Lane,46-(844)875-1360,26/11/1990,true
183,Harold,173 Cascade Center,43-(661)430-0733,04/08/1989,false
184,Joe,54 7th Alley,7-(150)411-7797,13/01/1996,true
185,Scott,090 Riverside Street,46-(799)710-1254,29/08/1989,true
186,Ernest,2163 Melrose Parkway,1-(901)912-2831,09/12/1998,false
187,Ryan,51 Mifflin Crossing,81-(635)876-7659,25/07/1986,false
188,Jack,5 Linden Place,86-(328)877-6921,19/07/1994,true
189,Edward,0 Rowland Drive,39-(854)799-4735,26/06/1986,false
190,Samuel,0 Marquette Drive,977-(865)582-4062,23/05/1992,true
191,Bobby,5109 Warner Trail,62-(667)243-9466,03/05/1980,true
192,Joseph,38838 Crescent Oaks Hill,86-(563)532-7593,10/09/1995,false
193,Shawn,17813 Main Parkway,86-(469)894-3768,10/10/1983,false
194,Fred,98886 Fulton Court,358-(150)710-5668,17/08/1981,true
195,Charles,1966 Laurel Hill,502-(535)862-1848,03/06/1992,false
196,Douglas,60677 Dapin Point,63-(510)465-3391,24/01/1984,true
197,Fred,38 Bowman Trail,62-(536)591-9699,26/06/1988,true
198,Adam,536 Chinook Lane,63-(398)828-5052,19/01/1995,true
199,George,03267 Debra Center,54-(511)579-7924,19/02/1985,false
200,Ronald,97 Sachtjen Pass,86-(159)960-4921,07/09/1995,true
201,Justin,57625 Hansons Terrace,52-(779)624-4960,06/09/1981,true
202,Charles,3 Bonner Parkway,46-(296)634-4690,18/04/1981,true
203,Joseph,1 Spohn Plaza,86-(274)646-4950,10/01/1996,false
204,Frank,9 Colorado Court,33-(875)692-8445,18/12/1986,false
205,Ryan,39 Fairfield Court,7-(171)241-1893,26/02/1996,true
206,Juan,86 Brentwood Plaza,7-(750)139-3320,28/03/1980,true
207,Peter,34054 Oak Trail,62-(565)927-5640,06/02/1981,true
208,Alan,11 Utah Court,375-(834)785-8719,17/02/1985,true
209,Ronald,7 Mosinee Circle,63-(678)349-3367,05/11/1981,false
210,Nicholas,59871 Hooker Street,7-(576)538-0228,22/10/1980,true
211,Ralph,655 Scott Parkway,225-(519)616-5465,06/12/1997,true
212,Larry,040 Ridgeway Road,226-(445)613-9188,13/07/2000,false
213,Carlos,4 Portage Pass,41-(531)967-8303,16/06/2000,true
214,Carl,607 Schurz Trail,98-(863)692-8280,17/12/1995,false
215,Andrew,02442 Dwight Court,62-(274)688-0299,06/07/1980,false
216,Jerry,0 Monument Center,62-(307)809-3987,12/01/1997,false
217,Carl,77 Northport Drive,46-(751)894-4735,29/11/1990,false
218,Raymond,3 Aberg Plaza,420-(561)602-3787,08/07/1993,true
219,Philip,80124 Eastlawn Plaza,1-(850)865-3879,18/01/1994,false
220,Albert,63 Sycamore Parkway,86-(657)758-9967,01/09/1995,false
221,Victor,51209 Thierer Parkway,62-(905)496-8922,21/02/2000,true
222,Martin,73450 Logan Terrace,66-(539)940-9172,27/08/1987,false
223,Sean,93 Sutherland Street,970-(948)633-3627,20/05/1990,false
224,Carl,63254 Duke Way,66-(746)189-1224,07/12/1986,true
225,Harry,969 Schiller Plaza,7-(762)208-5287,24/09/1986,false
226,Kevin,02221 Merry Avenue,66-(455)328-2310,18/07/1994,true
227,Martin,92790 Stoughton Court,66-(426)149-3223,19/12/1988,false
228,Craig,87 Eagan Road,84-(648)778-6776,09/10/1990,false
229,Nicholas,13 International Trail,51-(194)894-2914,08/11/1995,true
230,Raymond,0 Atwood Road,63-(612)207-7176,27/09/1993,true
231,Ronald,388 Grover Pass,62-(753)438-0560,19/09/1987,false
232,Eugene,5319 Bashford Place,86-(752)671-3639,28/08/1997,false
233,Jimmy,0 Old Shore Pass,234-(434)642-9055,23/06/1982,true
234,Christopher,7 7th Avenue,1-(719)395-2712,10/06/1986,true
235,Benjamin,30 Mosinee Street,51-(996)178-8035,30/04/1995,false
236,Jeffrey,71307 Monument Point,54-(244)631-0584,12/09/1981,true
237,Douglas,30 Mandrake Center,63-(884)988-1590,08/09/1995,true
238,Earl,5 Spaight Hill,63-(766)905-9673,17/12/1997,true
239,Thomas,576 Caliangt Plaza,86-(227)380-5058,09/03/1997,false
240,Paul,4068 Kedzie Center,55-(221)545-2828,19/06/1989,false
241,Timothy,270 Nevada Center,86-(439)787-1646,20/08/1985,true
242,Thomas,88713 Nevada Court,48-(536)512-2913,28/01/1987,true
243,Douglas,4707 Wayridge Trail,86-(443)689-2564,01/01/2000,true
244,Victor,4693 Messerschmidt Junction,86-(832)340-5164,23/09/1991,true
245,Frank,8 Superior Park,993-(257)101-4102,01/07/1980,true
246,Chris,148 Eastwood Park,66-(483)169-3818,14/12/1998,true
247,James,99 Kenwood Center,7-(633)732-2277,14/05/1991,true
248,Justin,19 American Ash Drive,46-(374)969-6442,30/07/1996,false
249,Ryan,08 Heath Lane,86-(492)113-3787,16/09/1999,true
250,Roger,2 Bartillon Drive,86-(648)188-8195,22/08/1985,false
251,Henry,3901 Veith Alley,86-(113)354-0663,12/02/1984,true
252,Justin,9 Monica Pass,7-(562)884-9766,22/07/1999,true
253,Albert,04524 Mayfield Avenue,52-(157)302-3627,13/07/1995,true
254,Walter,1854 Brickson Park Road,86-(508)398-5439,05/08/1989,false
255,Gary,85783 Thompson Avenue,62-(471)633-9856,07/09/1989,true
256,Harry,9 Walton Junction,55-(423)158-7386,26/03/1980,false
257,Ernest,3304 Superior Terrace,27-(942)779-2875,29/01/1989,false
258,Martin,532 Everett Terrace,1-(837)930-0589,09/08/1998,false
259,Adam,11438 Mandrake Parkway,60-(108)311-0064,06/10/1992,true
260,George,33118 Lillian Way,55-(865)982-1204,31/01/1984,true
261,Patrick,748 Service Crossing,27-(126)753-9930,11/01/1998,false
262,Richard,4636 Kenwood Plaza,46-(785)273-6007,27/01/1994,true
263,Phillip,544 Clove Hill,54-(185)645-8819,13/09/1998,false
264,Craig,225 Lake View Trail,30-(814)350-6518,16/12/1987,false
265,Randy,6 Reindahl Drive,46-(724)914-4645,19/12/1988,true
266,Jesse,939 Wayridge Street,46-(734)756-6646,09/12/1987,true
267,David,79 Arrowood Trail,62-(517)604-7369,18/08/1981,true
268,Joe,2010 Brown Parkway,216-(593)662-8141,13/07/1980,true
269,Charles,8 Raven Pass,7-(443)185-3702,05/08/1986,false
270,Mark,2 Kropf Road,380-(859)161-9350,17/01/1993,true
271,Samuel,883 Armistice Trail,44-(821)791-9306,06/05/1991,false
272,Larry,05480 Mesta Plaza,55-(115)116-6165,29/06/1986,false
273,Edward,3 Oak Valley Road,86-(622)136-1463,23/04/1982,true
274,Todd,84 Service Circle,62-(747)801-4157,07/04/1982,false
275,Jesse,8179 Reindahl Court,371-(608)334-9715,11/01/1983,true
276,Matthew,890 Tennessee Plaza,380-(696)861-8775,14/03/1981,false
277,Ryan,40095 Harbort Circle,55-(988)389-2561,01/04/1999,true
278,Raymond,37 Namekagon Place,86-(762)108-7522,01/12/1987,false
279,Daniel,73 Scoville Drive,385-(540)909-9656,08/01/1996,false
280,Johnny,406 Sachtjen Court,63-(656)157-1899,17/06/1993,true
281,Daniel,41736 Schlimgen Road,86-(457)462-4386,03/05/1992,false
282,Earl,6 Havey Pass,62-(980)970-7003,03/07/1988,false
283,Jeffrey,20061 Merrick Street,86-(107)376-5726,30/04/1993,true
284,Shawn,76025 Sachs Lane,86-(681)480-5396,07/12/1997,true
285,Sean,647 Parkside Court,385-(253)767-5842,18/07/1987,true
286,Samuel,9737 Marcy Lane,62-(757)818-9703,30/08/1995,false
287,Russell,828 Pankratz Crossing,46-(395)204-5876,20/07/1994,true
288,Walter,16 Lien Pass,46-(740)198-2586,13/05/1990,true
289,Daniel,2748 Maple Point,1-(818)988-2595,13/06/1991,false
290,Samuel,71646 Fulton Street,420-(727)264-0291,08/06/1983,false
291,Donald,0543 Jenifer Alley,351-(369)560-3783,15/02/1998,true
292,Todd,12082 Elmside Lane,86-(375)687-3504,06/07/1998,true
293,Gerald,336 Reindahl Parkway,46-(114)424-0009,15/09/1997,false
294,Jimmy,1 Kinsman Way,62-(851)193-5016,23/08/1993,true
295,Roger,94570 Gulseth Road,86-(228)400-9876,21/02/1980,true
296,Eugene,574 Vidon Junction,86-(642)409-7250,06/05/1989,false
297,Aaron,8 Jackson Trail,855-(605)697-4637,05/12/1992,true
298,Craig,384 Melby Way,63-(170)963-8996,23/08/1992,true
299,Raymond,7 Washington Circle,55-(213)101-4784,22/12/1996,false
300,Dennis,266 Southridge Crossing,57-(440)551-9829,29/09/1990,true
301,Aaron,8381 Ohio Hill,86-(373)679-9581,18/11/1987,true
302,Clarence,2 Center Terrace,53-(205)586-1698,11/09/1992,false
303,Timothy,8965 Rieder Lane,55-(553)799-5836,16/12/1988,false
304,Keith,14 Kim Alley,353-(701)204-5097,08/02/1982,true
305,Roy,5281 Stone Corner Avenue,970-(374)812-2279,20/03/1986,true
306,Roger,06842 Dennis Road,62-(874)597-9219,25/09/1986,true
307,Victor,4 School Alley,86-(818)279-8518,27/10/1986,false
308,Richard,00452 Cardinal Way,62-(971)324-9022,24/06/1980,true
309,Charles,5879 Talisman Point,244-(114)968-5614,14/07/1982,false
310,Larry,7081 Acker Terrace,505-(424)971-6237,11/05/1988,true
311,Henry,9567 Michigan Plaza,86-(629)137-8899,13/12/1980,false
312,Jason,61840 Morningstar Point,380-(469)969-4804,11/04/1993,true
313,Edward,7 Mariners Cove Street,234-(829)500-7011,07/11/1984,false
314,Harry,09508 Mendota Way,7-(155)947-0414,25/03/1987,true
315,Joe,80 Grayhawk Park,30-(966)140-0277,12/10/1998,false
316,Phillip,39 Brown Road,86-(518)251-2284,18/03/2000,false
317,James,1373 Emmet Hill,30-(747)126-2317,01/03/1984,false
318,Matthew,80 Kennedy Terrace,86-(886)741-7045,03/02/2000,false
319,Roger,681 Hudson Way,48-(202)338-5292,02/04/1994,false
320,Jerry,5568 Marquette Alley,30-(413)699-3250,22/07/1990,false
321,Nicholas,23264 Pankratz Parkway,86-(632)674-4513,01/03/1997,false
322,Adam,4 Becker Hill,263-(489)960-3664,22/09/1993,false
323,Kenneth,087 Ronald Regan Drive,1-(734)296-7603,24/05/1987,true
324,Bobby,94025 Canary Alley,86-(482)455-9005,06/06/1993,false
325,Douglas,4460 Division Crossing,86-(711)485-2804,06/09/1996,true
326,Patrick,5675 Talmadge Drive,86-(167)766-9757,31/01/1984,false
327,Scott,2758 Clyde Gallagher Parkway,54-(355)202-3142,13/03/1991,false
328,Eugene,5905 Marcy Place,225-(137)767-1959,27/11/1990,false
329,Russell,95 Fuller Plaza,33-(457)166-7476,11/02/1994,false
330,Jesse,8178 Hudson Drive,371-(135)892-3819,08/05/1995,true
331,Shawn,027 Farwell Way,86-(505)849-4427,22/04/2000,true
332,Gerald,50538 Sauthoff Way,31-(374)129-8976,09/08/1986,false
333,Paul,233 Milwaukee Alley,81-(527)139-0161,03/03/1980,false
334,Larry,093 Briar Crest Point,48-(484)389-3364,07/01/1985,false
335,Jerry,617 Stang Park,33-(729)369-5027,14/06/1990,false
336,Anthony,04847 Melrose Terrace,375-(746)535-2340,30/08/1992,false
337,Matthew,8778 Wayridge Road,509-(210)246-5383,17/11/1987,true
338,John,31 Tennyson Lane,48-(635)783-1525,12/09/1989,true
339,Nicholas,151 Thackeray Place,62-(961)818-3118,05/11/1993,true
340,Willie,513 Shasta Parkway,86-(713)146-2014,07/09/1995,false
341,Joshua,4 Shelley Court,46-(795)593-1091,28/03/1996,true
342,Jeffrey,983 Weeping Birch Parkway,355-(471)307-4367,08/06/1996,true
343,Louis,91271 Anzinger Trail,60-(827)116-4393,26/01/1984,true
344,Keith,23705 Upham Point,995-(859)844-3827,22/11/1986,true
345,Eugene,87981 Holmberg Court,66-(969)558-6760,04/10/1992,true
346,Brian,397 Packers Point,20-(681)366-2631,19/03/1991,false
347,John,6 Hanover Park,62-(509)843-4674,26/05/1985,true
348,Fred,03988 Vahlen Place,504-(645)770-6971,05/08/1983,true
349,Peter,2 Dovetail Avenue,963-(932)216-4099,16/03/1993,false
350,Dennis,5 Kennedy Parkway,51-(523)813-3673,23/11/1983,false
351,Howard,1810 Mitchell Park,351-(751)249-8969,07/06/1992,true
352,Joe,3 Oriole Street,86-(471)101-9241,21/10/1984,false
353,Samuel,48 Hagan Crossing,46-(211)760-9544,27/07/1980,false
354,Gerald,95817 Jenifer Point,46-(242)271-0725,29/01/2000,true
355,David,1007 Drewry Alley,33-(359)871-9767,15/11/1980,true
356,Roger,561 Hudson Parkway,86-(156)218-4746,25/06/1997,false
357,Peter,152 Dennis Way,33-(341)186-2469,11/05/1988,false
358,Carl,96 Pennsylvania Parkway,1-(336)216-4024,05/02/1988,true
359,Phillip,95 Bunting Parkway,33-(768)701-2926,06/01/1988,false
360,Clarence,8292 8th Point,62-(199)206-5358,29/10/1992,true
361,Eugene,9353 Montana Drive,81-(686)346-1410,16/04/1980,true
362,Richard,1613 Grover Trail,1-(305)521-6091,08/02/1985,true
363,Steven,3 Judy Junction,39-(717)285-4360,21/05/1980,false
364,Juan,350 7th Center,86-(155)742-3079,03/12/1999,false
365,Edward,0928 Longview Road,33-(747)139-4559,17/07/1981,false
366,Jose,867 Paget Trail,291-(566)351-8443,22/08/1981,false
367,Ronald,5 Carpenter Pass,234-(846)134-3785,13/05/1996,false
368,George,19471 La Follette Road,994-(987)712-0118,08/09/1998,false
369,Richard,2730 Waxwing Hill,27-(936)255-9297,06/02/1985,true
370,Willie,4 Heath Court,62-(397)936-2287,16/09/1982,true
371,Carlos,524 Golden Leaf Crossing,62-(617)651-1898,20/04/1984,false
372,Roger,13330 Lakewood Gardens Point,27-(944)393-4632,10/04/1988,true
373,Alan,5371 Elmside Plaza,86-(278)165-6956,12/12/1998,true
374,Samuel,97 Corscot Point,63-(502)403-7704,08/05/1986,true
375,Victor,3637 Aberg Parkway,7-(618)746-3818,15/07/1980,true
376,Albert,9 Jackson Drive,7-(207)935-2344,27/04/1995,true
377,Howard,17 Ilene Plaza,48-(825)922-3240,18/12/1986,true
378,Wayne,66628 Petterle Center,86-(352)822-6528,26/06/1998,false
379,Charles,9 1st Street,54-(786)592-5965,06/04/1989,true
380,Brian,92169 Magdeline Road,1-(348)932-6218,23/09/1999,false
381,Phillip,209 Independence Place,51-(192)826-5507,16/09/1998,true
382,Douglas,65 Eastlawn Parkway,81-(421)697-5772,11/03/1985,true
383,Justin,769 Bunker Hill Parkway,86-(193)285-3539,10/05/1991,false
384,Roger,071 Grover Drive,81-(264)721-2576,03/04/1992,false
385,Daniel,9 Buena Vista Park,62-(740)114-2069,10/01/1989,true
386,Joseph,7262 Dakota Center,82-(269)451-0962,31/05/1991,true
387,Donald,52 Riverside Trail,359-(726)453-3541,22/07/1999,false
388,Russell,538 Mariners Cove Drive,60-(827)514-7646,11/08/1996,false
389,Anthony,24 Lighthouse Bay Place,269-(978)381-3060,05/05/1985,false
390,Albert,905 Melrose Lane,86-(922)109-8147,11/09/1981,false
391,Keith,48 Debra Place,63-(636)746-4586,12/11/1983,false
392,Earl,28701 Stephen Place,92-(930)264-9351,12/02/1998,true
393,Jimmy,2328 Ridgeview Park,34-(304)782-4728,26/11/1994,false
394,Brian,94262 Hoard Parkway,62-(273)770-7469,27/01/1996,true
395,Joe,48992 Village Drive,84-(361)643-9337,27/04/1982,false
396,Carlos,99 Mallory Road,351-(939)120-0865,12/03/1992,false
397,Donald,3160 Gerald Terrace,55-(977)282-0097,09/10/1992,false
398,Frank,357 Morningstar Center,374-(152)379-2118,25/06/1989,false
399,Aaron,119 Vera Parkway,63-(349)318-6260,12/09/1998,true
400,Kenneth,024 Birchwood Place,86-(859)553-5052,02/09/1980,false
401,Jose,76587 Londonderry Parkway,48-(668)880-0898,25/03/1997,true
402,Harry,8056 Continental Junction,381-(899)625-3022,08/02/1990,true
403,James,71 John Wall Street,33-(805)556-5663,11/07/1982,true
404,Wayne,176 Summerview Pass,86-(431)293-7211,21/09/1981,true
405,Billy,7998 Randy Avenue,86-(574)965-2331,25/02/1998,false
406,Mark,87758 Holmberg Hill,254-(325)611-9137,23/08/1991,true
407,Arthur,3803 Eagle Crest Trail,237-(751)279-2183,28/04/1986,false
408,Brian,72373 Anhalt Way,47-(715)669-5316,24/08/1988,false
409,William,7 Melody Pass,1-(417)499-9060,26/06/1998,true
410,David,3 Melrose Hill,380-(998)241-0891,02/12/1986,true
411,Robert,288 Corry Trail,63-(304)524-7529,05/12/1985,false
412,Howard,3 Mesta Street,48-(875)667-8528,14/08/1994,true
413,Bruce,24485 Ohio Center,1-(404)701-4530,01/01/1988,true
414,David,73 Kennedy Hill,62-(923)116-5656,30/11/1995,false
415,Gregory,625 Eastlawn Park,7-(153)713-0450,15/10/1980,true
416,Paul,34031 Golden Leaf Hill,48-(241)767-0341,06/06/1982,true
417,Jeremy,75161 Paget Center,86-(425)623-3319,24/02/1983,true
418,Billy,3150 Everett Park,86-(702)401-9734,15/02/1998,false
419,Michael,94 Grayhawk Avenue,86-(422)608-5360,06/01/1989,false
420,Matthew,46 Spaight Trail,964-(215)845-3543,12/06/1997,true
421,Steven,0 Texas Way,46-(370)308-4184,22/01/1992,false
422,George,3 Arapahoe Center,46-(384)381-3458,15/12/1998,false
423,Nicholas,2135 Debs Parkway,63-(685)232-0218,30/10/1981,false
424,Brian,403 Weeping Birch Park,55-(349)223-8796,15/08/1985,false
425,Raymond,6677 Artisan Street,51-(250)975-8215,30/11/1990,false
426,Albert,80644 Rockefeller Trail,62-(234)985-6545,24/02/1990,false
427,Wayne,62 Twin Pines Circle,86-(174)804-2068,17/08/2000,true
428,Ronald,208 Southridge Avenue,48-(662)408-5073,21/10/1981,false
429,Randy,3 Park Meadow Point,62-(997)128-6345,14/10/1987,false
430,Aaron,82041 Magdeline Point,55-(556)720-8245,20/02/1994,false
431,Brandon,2 Mcguire Plaza,62-(993)781-3738,23/04/1984,false
432,Bruce,88 Monterey Plaza,1-(793)432-9169,07/11/1987,true
433,Joe,2200 Mandrake Point,48-(691)197-7514,05/09/1995,true
434,Joseph,30 Stoughton Drive,86-(226)237-5087,08/10/1980,true
435,Wayne,2 Donald Place,60-(955)765-0396,11/09/1996,false
436,Benjamin,2 Sunnyside Circle,86-(124)697-3787,16/08/1984,false
437,Jose,542 Dapin Plaza,1-(516)744-1799,28/06/2000,false
438,Raymond,4844 Village Trail,86-(254)979-0574,06/02/1997,false
439,Antonio,0330 Carberry Court,86-(439)586-4102,13/12/1999,false
440,Billy,6 Mesta Road,86-(972)911-2882,17/09/1984,true
441,Joseph,13826 Clove Lane,355-(601)564-4008,01/01/1989,true
442,Fred,530 Express Center,86-(228)712-3854,18/04/1991,false
443,Albert,7394 Morrow Parkway,967-(146)789-7642,05/05/1980,true
444,Roger,89 Blaine Circle,34-(943)211-1781,14/02/1999,false
445,Joe,425 Marquette Plaza,48-(584)406-8419,30/09/1989,false
446,Matthew,844 Chinook Circle,230-(107)751-3175,01/07/1990,false
447,Earl,3 Lawn Trail,86-(426)397-9798,07/06/1984,false
448,Matthew,395 Oak Valley Center,1-(281)987-8890,01/04/2000,false
449,Brandon,76 Sommers Park,7-(408)999-8600,30/10/1991,false
450,David,54 Scofield Hill,381-(547)838-9021,08/07/1988,false
451,Chris,21 Continental Plaza,355-(974)107-4022,26/07/1992,false
452,Roy,40432 Fairview Alley,63-(388)664-1613,12/02/2000,false
453,Dennis,844 Waywood Alley,261-(225)102-3130,25/05/1997,false
454,Anthony,6 Messerschmidt Trail,86-(479)659-9848,19/09/1992,false
455,Louis,0 Dexter Point,356-(378)403-0534,29/04/1994,false
456,Carl,9 Mitchell Center,58-(786)521-8104,06/11/1985,false
457,Frank,040 Mifflin Way,7-(440)312-3706,13/04/1989,false
458,Kevin,3875 Ronald Regan Drive,86-(533)984-0564,14/12/1995,false
459,Peter,36256 Dwight Court,258-(543)458-6601,15/04/1991,true
460,Carlos,437 Lukken Point,241-(340)687-6076,15/12/1987,false
461,Nicholas,99265 Pleasure Lane,351-(743)710-6978,01/03/2000,false
462,Martin,28631 Florence Hill,386-(647)665-6775,29/04/1983,true
463,Samuel,59555 Fremont Road,353-(994)493-0046,02/05/1993,false
464,Terry,79822 Dixon Circle,33-(647)106-5863,24/03/1984,true
465,Billy,779 Haas Circle,57-(815)151-4046,12/12/1992,true
466,Brandon,8 Corben Way,63-(618)420-4375,07/09/1989,true
467,Christopher,306 5th Circle,55-(817)769-6366,02/05/1997,true
468,Martin,173 Talmadge Park,33-(687)696-5931,09/11/1980,false
469,Johnny,5525 Beilfuss Street,86-(332)829-7562,24/05/1998,false
470,Ronald,31 Kenwood Alley,62-(375)263-3150,18/05/1981,true
471,Robert,28092 Lake View Point,383-(378)136-9253,23/06/2000,true
472,John,444 Graceland Lane,63-(656)193-4729,06/02/1990,true
473,Donald,0 Nova Circle,30-(516)226-8292,07/11/1991,true
474,Jeffrey,45 Birchwood Place,62-(286)814-5511,22/04/1992,false
475,Aaron,89 Reindahl Drive,86-(128)819-4874,31/07/1988,true
476,Benjamin,56145 Comanche Pass,86-(223)555-6755,21/05/1992,true
477,William,5139 Drewry Park,57-(509)217-9517,08/03/1993,true
478,Michael,6975 Forest Run Park,351-(442)664-1471,06/04/1985,false
479,Anthony,21 Russell Lane,86-(152)148-6983,15/04/1983,true
480,Jesse,1140 Oakridge Trail,386-(527)963-0793,21/09/1981,false
481,Matthew,69 La Follette Parkway,7-(209)260-7574,14/08/1996,true
482,Louis,537 Westend Road,236-(923)367-4991,24/11/1996,false
483,Bobby,73 Waxwing Plaza,62-(785)863-2838,10/08/1988,false
484,Terry,75060 Merchant Pass,86-(158)533-8517,03/12/1988,false
485,Christopher,94 8th Center,380-(191)206-9317,01/12/1991,true
486,Jimmy,9198 Myrtle Circle,54-(352)328-9568,10/05/1988,false
487,Alan,539 Algoma Drive,33-(828)889-4677,18/11/1980,false
488,Samuel,3 Gateway Circle,49-(858)980-0817,20/04/1990,true
489,Charles,462 Swallow Drive,7-(775)782-2435,13/11/1980,true
490,Gregory,275 Emmet Lane,55-(939)452-2497,21/07/1997,true
491,Brandon,983 Wayridge Plaza,86-(880)998-4604,20/03/1992,false
492,Brian,708 Hoffman Circle,33-(328)464-8718,21/02/1995,false
493,Lawrence,62753 Hoepker Pass,86-(557)594-0298,24/08/1987,true
494,Jesse,486 Crest Line Terrace,504-(543)643-3859,15/09/1981,false
495,George,38543 Eastwood Drive,55-(261)532-3948,19/02/1995,true
496,Carlos,10 Carey Court,33-(444)913-2541,14/02/1984,false
497,Sean,1 Elka Way,86-(733)820-5405,24/07/1992,true
498,George,8 Nancy Pass,56-(448)937-2161,24/07/1982,false
499,Phillip,928 Doe Crossing Junction,55-(954)781-8212,07/10/1996,false
500,Roger,92 Melvin Parkway,382-(247)537-2893,20/05/1982,true
501,Bruce,03430 High Crossing Place,62-(975)223-5223,15/07/1996,false
502,Randy,906 Melvin Street,374-(687)120-9041,28/02/1988,true
503,Martin,45 Grover Hill,33-(548)441-4819,03/12/1995,true
504,Gerald,2 Jenna Lane,33-(612)455-8105,26/08/1984,false
505,Wayne,6179 Arkansas Plaza,351-(941)410-4432,25/07/1994,false
506,Jason,0 Warbler Trail,66-(309)242-5913,15/06/1980,true
507,Billy,6 Judy Way,48-(461)495-2527,14/06/1999,true
508,Kevin,327 Bunker Hill Hill,86-(318)662-0067,16/12/1988,false
509,Jack,5499 Grover Hill,7-(193)835-3856,29/09/1992,true
510,Andrew,367 Lawn Circle,54-(917)494-1328,31/10/1993,true
511,Joseph,70613 Iowa Crossing,55-(868)855-0366,29/11/1981,false
512,Frank,4251 Sundown Alley,355-(480)100-3135,12/08/1991,true
513,Johnny,506 Annamark Place,48-(577)509-5921,11/11/1999,false
514,William,56528 Tennyson Plaza,420-(629)158-0247,06/06/1982,true
515,Martin,8 Thompson Crossing,66-(459)174-9390,15/10/1993,true
516,Matthew,1 Sycamore Court,33-(857)881-1922,02/07/1998,false
517,Roy,625 Autumn Leaf Point,62-(961)309-2708,08/08/1990,false
518,Antonio,610 Hanson Lane,380-(295)318-6021,28/01/1994,true
519,Gregory,23 Scoville Hill,7-(175)663-1693,18/08/1995,true
520,Jeremy,9 Swallow Avenue,86-(506)634-1869,19/02/2000,false
521,Alan,4897 Harbort Lane,7-(971)866-6277,23/12/1982,false
522,Harry,568 Lake View Center,86-(824)400-0508,01/11/1984,false
523,Jeffrey,788 Victoria Street,62-(373)440-4604,01/08/1987,true
524,George,86435 Steensland Junction,57-(986)190-8848,29/07/1980,true
525,Edward,8 Hoffman Center,7-(707)234-9682,05/05/1990,true
526,Jesse,23190 Blue Bill Park Court,371-(458)783-5141,06/07/2000,true
527,Jonathan,03917 Texas Trail,62-(579)861-7382,18/10/1996,true
528,Juan,29 Truax Point,63-(697)306-6060,22/08/1990,true
529,Andrew,30 Cascade Place,1-(773)437-8874,14/03/1998,false
530,Christopher,1124 Summit Parkway,62-(244)301-2507,04/03/1981,false
531,James,7 Rutledge Street,46-(206)726-6762,27/01/1985,true
532,Jimmy,177 Forest Run Circle,359-(505)274-8798,23/08/1980,false
533,Frank,58 Warner Junction,66-(649)715-2601,02/12/1983,false
534,Robert,78 Green Ridge Drive,351-(448)132-4131,27/07/1998,false
535,Victor,2 Oakridge Junction,48-(995)197-3169,10/07/1996,true
536,Bruce,8812 Stuart Hill,62-(148)617-6403,24/06/1994,true
537,Thomas,93 Logan Crossing,380-(145)611-2435,29/10/1993,true
538,Earl,5 Elka Center,1-(202)831-8504,14/02/1981,false
539,Timothy,17956 Hovde Hill,86-(119)396-6255,17/02/1985,false
540,Ernest,3384 Oriole Center,380-(832)608-8534,17/11/1982,true
541,Terry,9063 Lukken Parkway,351-(131)843-6716,04/10/1998,false
542,Bobby,3924 Logan Center,966-(186)443-2449,28/07/1988,false
543,Ernest,5250 Waywood Avenue,212-(745)788-8778,10/12/1992,false
544,Jason,1 Cordelia Point,375-(893)726-1313,21/08/2000,true
545,Gregory,3 Luster Way,31-(414)819-7028,26/07/1996,true
546,Mark,5 Ryan Point,227-(900)245-3194,14/09/1984,true
547,Jason,637 Caliangt Crossing,86-(527)470-4917,15/11/1980,false
548,Justin,52194 Sutherland Circle,55-(159)259-2222,02/04/1991,true
549,Jeffrey,4747 Gale Junction,234-(119)160-6336,03/10/1992,false
550,Martin,26 Schmedeman Drive,86-(994)993-4121,01/11/1988,true
551,Ronald,1 Kensington Lane,1-(786)720-4324,25/01/2000,true
552,Victor,857 Forest Dale Center,351-(519)511-8098,03/12/1991,true
553,Randy,76 Westport Avenue,54-(208)114-3876,18/09/1988,false
554,Steve,74 Maple Road,57-(357)660-4655,21/11/1998,false
555,Joshua,54313 Cardinal Street,86-(319)941-3602,29/06/1990,true
556,Scott,2961 Sullivan Court,66-(820)744-1181,10/10/1989,true
557,Billy,086 Grayhawk Drive,505-(780)475-6200,12/08/1997,true
558,Jack,83265 Meadow Valley Lane,30-(817)966-1513,18/12/1981,true
559,Samuel,3 Algoma Park,380-(841)398-3297,01/06/1991,true
560,Edward,3 Holmberg Point,970-(225)465-7896,01/12/1986,true
561,Jerry,4405 Ridgeview Crossing,63-(297)301-6178,22/10/1987,true
562,John,14819 Schiller Pass,63-(877)650-0375,28/06/1991,true
563,Willie,004 Larry Street,63-(337)153-7029,08/03/1981,false
564,Martin,38 Glacier Hill Place,261-(844)401-5443,17/06/1993,true
565,Jack,4639 Rockefeller Park,62-(889)982-5833,18/09/1983,false
566,Dennis,70 Loomis Terrace,385-(381)301-6232,06/10/1993,false
567,Eugene,03808 Union Alley,970-(890)359-8962,12/08/1992,true
568,Johnny,67 Meadow Vale Pass,1-(446)391-5020,09/12/1996,false
569,Roger,3 Ridge Oak Pass,48-(873)908-9789,15/02/1994,false
570,Terry,5 Orin Crossing,62-(572)935-5550,13/12/1987,true
571,Howard,0717 Northland Drive,33-(772)454-5371,14/04/1996,false
572,Stephen,35113 Lakeland Way,63-(163)557-4848,05/06/1995,false
573,Phillip,60 Mcguire Way,62-(317)584-4213,20/02/1997,true
574,Jason,940 Springview Hill,55-(240)340-8309,19/06/1987,true
575,Stephen,00 Crownhardt Hill,232-(226)660-2126,23/04/1992,true
576,William,76111 Columbus Court,86-(114)139-7791,29/11/1984,true
577,Roy,172 Carpenter Road,92-(837)945-9580,21/12/1982,false
578,Johnny,90555 1st Drive,63-(462)660-1687,30/03/1994,false
579,Richard,13 Warner Circle,63-(691)856-5261,30/09/1989,true
580,Kenneth,0 7th Trail,33-(326)953-5416,18/02/1989,true
581,Harold,4 Pierstorff Circle,351-(330)323-2923,03/09/1998,false
582,Brandon,5 Coolidge Way,7-(566)676-7246,23/12/1990,true
583,Carlos,245 Shopko Lane,54-(894)586-6292,25/08/1992,true
584,Paul,42 Schiller Pass,55-(667)879-6999,07/05/1985,false
585,Dennis,1733 Homewood Plaza,1-(739)831-7983,18/09/1998,false
586,Terry,2560 Bultman Terrace,359-(519)836-7750,03/09/1995,true
587,Randy,13555 David Lane,7-(350)753-3069,26/04/1993,false
588,Robert,261 Bayside Crossing,234-(970)748-8862,30/06/1987,true
589,James,9 Thackeray Plaza,63-(269)813-5853,17/02/1986,true
590,John,10 Quincy Junction,995-(207)452-5788,11/09/1991,true
591,Larry,61925 Sage Way,62-(691)784-3281,01/06/1998,true
592,Jimmy,68 Oxford Lane,98-(525)480-6515,10/12/1998,true
593,Clarence,859 Waxwing Alley,374-(406)632-9881,26/09/1992,false
594,Paul,2363 Lyons Court,51-(429)283-6927,14/10/1999,false
595,James,887 Goodland Street,7-(319)274-5235,08/07/1983,true
596,Jonathan,53375 Surrey Court,880-(825)346-0611,02/07/1985,false
597,Mark,029 International Drive,351-(506)382-6811,03/06/2000,false
598,Frank,18731 Commercial Alley,86-(392)687-5639,23/09/1997,false
599,Joseph,1 Goodland Point,20-(417)308-6375,25/01/1991,true
600,Edward,052 Mallard Circle,255-(677)969-6485,18/02/1999,true
601,Brian,84 Pepper Wood Hill,55-(974)629-0617,02/06/1998,true
602,Dennis,42 Lindbergh Avenue,7-(228)747-1719,13/10/1986,true
603,Jeremy,21159 Charing Cross Junction,52-(196)751-0957,06/09/1984,false
604,Chris,4 Warrior Plaza,252-(227)988-6179,25/12/1982,true
605,Fred,2241 Aberg Place,359-(315)982-9470,13/06/1998,true
606,Mark,96 Maryland Avenue,382-(429)210-2159,08/03/1981,true
607,Jack,94 Valley Edge Parkway,86-(517)620-2115,20/02/1982,true
608,Harold,018 Manufacturers Drive,55-(836)465-6501,26/09/1992,false
609,Paul,71 Garrison Point,55-(501)256-4111,26/09/1980,true
610,Thomas,4 Roth Hill,86-(517)280-3937,24/05/1999,false
611,Larry,9569 Corscot Terrace,86-(280)573-2996,19/08/1983,false
612,Stephen,167 Mifflin Street,57-(416)722-5069,28/07/1996,false
613,Douglas,8023 Basil Trail,86-(643)879-8684,30/07/1999,true
614,Billy,8878 Monterey Junction,30-(965)931-0792,11/04/1994,true
615,George,3011 Elgar Place,1-(384)987-1134,02/11/1990,false
616,Jeffrey,07 Cody Circle,351-(930)696-5909,02/01/1999,true
617,Victor,9 Continental Circle,7-(219)444-2789,26/11/1984,true
618,Alan,47480 Pine View Road,63-(539)771-4558,10/05/1998,true
619,Roy,7 Portage Plaza,63-(357)798-3370,27/01/1980,false
620,Matthew,3 5th Parkway,234-(179)789-8617,23/09/1988,true
621,Eric,1 Norway Maple Road,54-(738)549-8885,14/07/1986,true
622,Jason,6922 Pepper Wood Terrace,33-(634)790-3368,10/02/1983,false
623,Gary,35701 Burrows Court,55-(289)574-6435,23/07/1993,true
624,Craig,2 Trailsway Alley,967-(758)191-2989,27/11/1983,false
625,Roger,3408 Pawling Parkway,86-(225)427-0777,10/02/1987,false
626,Andrew,70 Golf View Road,55-(822)813-8714,03/04/1989,false
627,Johnny,323 Sundown Way,41-(831)993-3558,20/12/1991,false
628,Jonathan,002 Forest Terrace,63-(859)349-0474,12/01/1992,false
629,Kevin,38755 Lawn Street,351-(855)577-8155,15/03/1992,false
630,Robert,22 Fairfield Center,63-(632)409-9127,19/03/1992,false
631,Roger,36191 Darwin Pass,86-(673)387-7708,30/11/1991,true
632,Fred,81937 Eggendart Crossing,7-(413)358-3777,31/05/1994,true
633,Aaron,3857 Saint Paul Center,86-(543)888-2948,05/07/1986,false
634,Aaron,2 Jenifer Point,92-(655)326-0388,14/12/1994,false
635,Daniel,37284 Sherman Pass,62-(710)394-4769,08/10/1993,true
636,Walter,51554 Maple Avenue,86-(187)227-3796,12/06/1998,false
637,Philip,96 Bobwhite Circle,380-(305)888-3400,03/09/1991,false
638,Harry,423 East Center,351-(161)447-6798,14/12/1990,false
639,Martin,80819 Sloan Plaza,1-(571)576-6327,10/08/1983,false
640,Adam,1 Harbort Point,7-(231)813-7463,07/01/1999,false
641,Terry,7 High Crossing Point,380-(892)220-0232,22/11/1982,false
642,Howard,25 Atwood Junction,86-(938)256-0027,28/11/1994,true
643,Harry,004 Barnett Road,7-(522)560-4351,09/07/1996,true
644,Jesse,01524 Blaine Road,49-(839)564-1412,22/03/1993,false
645,Jason,4714 Annamark Pass,31-(922)271-0069,26/04/1985,false
646,Gary,8775 Messerschmidt Alley,63-(564)623-9655,21/06/1999,true
647,Ernest,50191 Gerald Park,7-(848)290-6015,16/07/1986,true
648,Christopher,4240 Sauthoff Junction,505-(425)629-7714,13/11/1985,true
649,Aaron,20416 Crescent Oaks Park,48-(960)212-4873,24/12/1985,false
650,Brandon,10649 Toban Alley,46-(919)898-9714,11/04/1994,false
651,Louis,6 Parkside Center,86-(859)168-1910,30/04/1998,true
652,Frank,33 Talmadge Way,380-(714)495-4330,15/03/1985,true
653,Charles,7002 Anzinger Road,267-(267)254-2735,11/09/1988,true
654,Patrick,4739 Mifflin Plaza,81-(309)944-0440,13/08/1980,true
655,Louis,96 Michigan Point,351-(565)570-0741,31/08/1992,false
656,William,55459 Eagan Hill,63-(353)183-2174,30/05/1994,true
657,Todd,1 Jana Place,673-(297)375-5577,14/09/1986,false
658,Jeremy,64528 Hoard Park,39-(751)713-0547,12/09/1997,false
659,Randy,67 Fair Oaks Circle,86-(724)403-0873,21/10/1997,false
660,Frank,16928 Hoepker Court,46-(270)782-4821,14/08/2000,true
661,Richard,391 Stuart Drive,86-(227)787-3004,02/09/1983,false
662,Wayne,7 Lakewood Plaza,86-(541)894-5466,27/02/1992,false
663,Patrick,9 Forest Dale Trail,62-(688)227-1047,03/12/1986,true
664,Paul,4 Dahle Road,7-(324)702-2413,14/09/1991,false
665,Russell,513 Merrick Hill,46-(832)692-1691,07/12/1982,true
666,Justin,26614 Ronald Regan Plaza,48-(204)834-5357,01/03/1993,true
667,Joshua,76 South Park,90-(536)801-5682,25/03/1986,false
668,Ralph,505 Fremont Center,57-(424)728-1420,18/01/1981,true
669,John,8 Stang Place,351-(400)182-1130,26/11/1994,true
670,Gregory,2 Bay Drive,81-(960)863-8936,06/10/1982,true
671,Jeffrey,3 Fairfield Way,86-(392)228-6177,23/11/1995,true
672,David,1825 Valley Edge Point,33-(853)617-5386,09/06/1981,true
673,Timothy,1627 Monument Court,353-(306)218-3034,01/07/1988,true
674,Brian,3 Arapahoe Place,62-(441)527-3093,21/07/1989,false
675,Gregory,455 Express Plaza,692-(845)491-1210,08/11/1989,false
676,Walter,6915 Menomonie Junction,46-(570)749-5589,30/12/1997,true
677,Andrew,5184 Karstens Place,1-(612)263-3514,03/04/1983,false
678,Brian,3 Fair Oaks Street,86-(252)301-0122,12/04/1994,false
679,Arthur,159 1st Circle,55-(583)584-1592,10/01/1986,false
680,Wayne,67 Dryden Trail,252-(326)334-5583,14/01/1986,false
681,Patrick,518 Barby Drive,51-(911)943-4124,05/09/1987,false
682,Adam,2 Colorado Street,84-(187)372-8700,17/10/1987,false
683,Robert,15037 Golf Street,62-(913)159-4244,12/04/1988,false
684,Jonathan,869 Westerfield Point,66-(552)400-5107,25/12/1994,false
685,Willie,0871 Vera Terrace,86-(745)917-4878,13/04/1998,false
686,Gary,11715 Anzinger Parkway,63-(206)214-8831,02/11/1986,false
687,Charles,7 Kingsford Court,370-(457)521-8186,24/10/1984,false
688,Charles,8327 Comanche Hill,221-(916)674-8222,05/12/1994,false
689,Lawrence,1 Everett Alley,670-(280)214-1679,01/09/1994,true
690,Scott,8 Dixon Circle,1-(212)270-6908,26/07/1991,false
691,Benjamin,7 Center Junction,86-(107)882-5297,12/07/2000,false
692,Billy,47974 Riverside Street,48-(677)377-3367,03/05/1984,false
693,Paul,11106 Rieder Point,7-(489)547-7038,16/08/1989,true
694,Walter,015 Almo Pass,66-(464)910-7640,08/05/1988,true
695,Eugene,7440 Stuart Park,994-(557)735-5293,04/08/1983,false
696,Larry,03695 Victoria Alley,93-(582)828-1284,26/08/1993,false
697,Randy,0 Barnett Trail,7-(255)531-2106,28/03/1987,true
698,Steve,26332 Norway Maple Pass,84-(895)786-4262,22/10/1984,false
699,Shawn,17 Schmedeman Parkway,351-(594)881-8000,24/05/1988,true
700,Billy,98775 Bashford Street,48-(974)437-3192,05/04/1982,true
701,Scott,75 Stuart Trail,351-(119)869-9765,21/03/2000,true
702,Ralph,334 Dayton Pass,57-(444)289-1217,09/08/1993,false
703,Stephen,64 Dorton Hill,7-(656)819-1280,07/03/1986,true
704,Lawrence,47 Colorado Lane,1-(387)104-8368,05/04/1989,true
705,Gregory,52 Summit Parkway,86-(356)544-2816,25/02/1999,true
706,Carl,95734 Jenifer Drive,46-(900)947-9472,11/04/1992,true
707,Clarence,842 Hagan Circle,62-(175)386-3303,13/11/1983,false
708,Randy,46271 Claremont Plaza,33-(429)828-3851,27/01/1989,true
709,Nicholas,18 Tennyson Court,385-(139)967-7755,14/11/1982,true
710,Albert,2 Jenna Way,216-(494)545-2398,07/07/1990,true
711,Albert,95188 Sheridan Parkway,86-(443)138-0048,30/04/1991,false
712,Harry,7 Schurz Court,55-(500)868-0092,08/11/1985,false
713,Henry,57 American Ash Lane,86-(695)272-6893,17/12/1985,true
714,David,03987 Pankratz Center,93-(242)817-0999,04/04/1997,false
715,Todd,1907 Dottie Street,967-(767)777-4873,01/05/1996,false
716,Peter,1923 Donald Parkway,55-(935)652-7736,05/05/1986,true
717,Jimmy,50 Forster Way,86-(915)521-7403,06/06/1984,false
718,Fred,7 Ludington Park,86-(638)763-2285,26/04/1981,true
719,Walter,86272 Cordelia Point,81-(735)826-9615,10/08/1991,false
720,Bruce,86 Talmadge Point,356-(100)958-5642,22/09/1985,false
721,Joseph,4045 Marquette Park,27-(422)288-5512,16/12/1997,false
722,Johnny,6 Cardinal Drive,1-(419)270-8678,09/09/1984,true
723,Keith,415 Towne Street,86-(491)782-0934,15/09/1993,false
724,Sean,5 Farragut Place,86-(304)446-1032,14/05/1983,true
725,Jerry,4151 Petterle Drive,374-(563)634-0943,25/12/1980,true
726,Ryan,2819 Longview Trail,380-(709)802-6056,21/02/1998,false
727,Roger,3169 Utah Avenue,55-(343)857-8288,01/06/1982,false
728,Peter,702 Colorado Alley,62-(715)399-5693,30/03/1984,false
729,James,4 Luster Lane,382-(293)418-5652,28/03/1999,true
730,Antonio,73 Carberry Circle,1-(571)881-4883,04/12/1985,true
731,Louis,1926 Saint Paul Place,222-(383)299-2775,01/07/1990,true
732,Lawrence,7135 Shopko Lane,55-(236)638-4184,03/03/1987,false
733,Christopher,89775 Loomis Pass,81-(737)910-4645,27/08/1991,true
734,Gregory,0 Hintze Court,46-(772)566-7677,18/04/1982,true
735,Lawrence,9 High Crossing Parkway,33-(220)468-8683,03/06/1992,false
736,Ronald,17268 Hoffman Alley,995-(976)923-6191,17/04/1986,false
737,Aaron,7047 Bluejay Hill,63-(900)650-5628,13/10/1988,false
738,Peter,04 Glacier Hill Place,351-(365)404-8872,18/03/1981,true
739,Anthony,58031 Bluestem Lane,7-(179)965-2684,12/11/1980,false
740,Donald,6120 Cordelia Pass,62-(776)991-2849,20/05/1985,false
741,Juan,67 Pawling Drive,63-(242)691-6972,04/01/1989,true
742,Andrew,66094 Roxbury Trail,7-(423)484-4598,11/07/1991,false
743,Gerald,079 Oakridge Court,46-(293)396-2289,11/06/1998,false
744,Clarence,04 Granby Street,48-(472)597-3185,12/11/1991,true
745,Shawn,7 Homewood Way,55-(339)393-3213,26/02/1983,false
746,Fred,9 Buhler Trail,7-(940)245-0496,21/11/1991,false
747,Raymond,35948 Village Green Center,63-(107)936-5289,11/06/1983,false
748,Craig,7982 Upham Circle,7-(729)987-7026,19/02/1996,true
749,Terry,342 East Avenue,62-(802)500-8025,09/02/1997,false
750,Thomas,0467 Milwaukee Road,54-(934)439-3470,23/08/1982,true
751,Daniel,9540 Scofield Junction,63-(456)497-1939,13/11/1992,true
752,Ralph,73 Nancy Junction,7-(292)679-3510,01/03/1998,true
753,Russell,72519 Hollow Ridge Drive,58-(996)130-8209,13/07/1999,true
754,Bobby,2 Autumn Leaf Court,63-(323)372-7111,24/09/1996,true
755,Earl,0 Corscot Road,963-(733)485-8100,23/07/1998,false
756,Carl,9 Lyons Road,964-(297)690-5476,04/09/1994,false
757,Arthur,23 Alpine Point,353-(511)416-7117,17/11/1982,true
758,Gregory,1617 Oriole Pass,63-(419)652-6908,11/07/1994,false
759,Todd,30 Springs Place,503-(546)767-6897,20/03/1998,false
760,Aaron,7 Graedel Alley,48-(740)899-0149,20/04/1994,true
761,Ronald,727 Hoepker Hill,57-(278)234-8151,24/07/1989,false
762,Aaron,3 Elmside Way,48-(998)413-4787,17/03/2000,true
763,Harry,7388 Weeping Birch Crossing,86-(619)298-8050,18/01/1989,true
764,Billy,99 Maywood Junction,691-(905)704-5813,29/05/1990,true
765,Ronald,80400 Everett Junction,86-(722)259-2926,14/09/1994,true
766,Roger,5 Hoffman Junction,7-(210)750-9771,01/01/1980,false
767,Carl,0604 American Ash Center,385-(352)893-5183,12/08/2000,true
768,Jonathan,689 Saint Paul Lane,880-(101)640-8623,20/11/1981,false
769,Justin,85543 Rieder Park,972-(111)875-4797,06/08/1982,true
770,Kevin,1 Oxford Pass,86-(255)157-4112,07/11/1996,false
771,Aaron,35469 Jenna Court,84-(139)825-2375,20/01/1995,true
772,David,09 Hoffman Crossing,33-(626)448-8094,13/03/1984,true
773,Phillip,33 Eliot Street,972-(611)799-7496,06/06/2000,false
774,Mark,444 Union Center,46-(469)620-6485,26/10/1984,true
775,Robert,57 Vernon Junction,380-(194)126-3604,12/12/1984,false
776,Victor,6960 Glendale Point,86-(373)855-8642,28/11/1981,false
777,Andrew,83 Schlimgen Way,86-(670)647-9122,25/05/1992,true
778,Frank,1 Glendale Park,30-(134)930-2735,17/10/1995,true
779,Russell,3041 Superior Road,86-(185)362-8236,03/03/1986,false
780,Russell,67 Bunker Hill Way,1-(728)699-6444,05/04/1999,false
781,Aaron,349 Sheridan Junction,7-(665)936-3976,16/04/2000,true
782,Timothy,08027 Luster Parkway,994-(820)202-3555,13/10/1997,false
783,Matthew,2443 Messerschmidt Way,7-(414)714-6419,08/10/1982,true
784,Donald,35029 Hagan Court,1-(276)753-2667,26/11/1989,true
785,Carl,39368 Red Cloud Circle,36-(202)386-9257,16/04/1994,false
786,Ernest,6530 Waxwing Street,63-(962)751-5752,08/11/1999,true
787,Scott,08639 Messerschmidt Center,993-(322)485-4147,09/04/1993,true
788,Thomas,6 3rd Plaza,56-(578)438-0719,06/01/1986,true
789,Richard,862 Fairview Alley,62-(930)761-0423,31/08/1992,false
790,Kenneth,4 Birchwood Center,46-(661)187-4235,21/02/1981,false
791,Gary,1 Cody Road,420-(429)918-1569,14/01/1986,false
792,Todd,8567 Jackson Street,46-(779)547-4372,12/09/1994,true
793,Juan,69 La Follette Road,86-(258)351-6896,13/11/1982,true
794,Robert,20630 Spaight Hill,351-(223)219-0902,16/03/2000,false
795,Peter,1215 Kim Plaza,63-(871)469-8660,28/03/1985,false
796,Peter,56 Meadow Ridge Circle,62-(629)522-2232,14/09/1998,false
797,Jeremy,24849 Golf Trail,63-(671)648-3276,28/08/1984,true
798,Alan,20 Lake View Crossing,86-(354)252-8854,21/12/1995,false
799,Raymond,2686 Bobwhite Park,7-(790)103-3073,21/11/1983,false
800,Sean,6 Almo Street,7-(183)438-1371,30/09/1986,false
801,Daniel,7 Troy Plaza,62-(700)172-2742,16/07/1991,false
802,Joshua,7 Mccormick Terrace,86-(475)202-3959,10/05/1996,true
803,Daniel,64303 Loomis Terrace,351-(741)672-3691,03/10/1985,false
804,Douglas,269 Jenna Hill,62-(550)623-9264,28/02/1984,false
805,Martin,79692 Meadow Vale Place,57-(960)858-1019,28/09/1993,false
806,Fred,15 Bartelt Plaza,389-(677)789-5812,13/12/1990,true
807,Ralph,0 Petterle Park,62-(307)208-2864,28/04/1998,true
808,Joe,7049 Crowley Park,963-(196)388-2237,23/04/1989,false
809,Jonathan,12 Kennedy Avenue,55-(373)713-0344,19/04/1999,false
810,Michael,93033 Merchant Way,86-(591)644-4639,30/08/1993,true
811,Carlos,667 Granby Hill,351-(410)806-7343,13/06/1986,false
812,Brandon,9853 Bowman Way,880-(403)655-0955,15/10/1984,false
813,Earl,49 Merry Park,84-(647)569-6889,15/07/1993,false
814,Douglas,11584 Arrowood Parkway,52-(598)983-0860,29/07/1987,false
815,Donald,2 Hayes Place,1-(202)114-6127,16/03/1990,false
816,Lawrence,5975 Moland Way,86-(117)685-6138,11/06/1996,true
817,Peter,8 Lunder Street,54-(592)331-5531,31/03/1982,false
818,Bruce,9333 Porter Parkway,386-(767)865-1807,15/11/1999,false
819,Albert,8145 Anzinger Plaza,56-(931)704-4595,16/07/1986,false
820,Aaron,9 John Wall Way,7-(196)384-6078,20/02/1999,false
821,Jeremy,11 3rd Court,86-(969)420-2990,03/10/1994,true
822,Randy,75766 Pennsylvania Parkway,66-(181)736-1160,24/01/1995,true
823,Jerry,35333 Bayside Alley,53-(772)380-7595,17/02/1983,true
824,Arthur,19 Lawn Way,352-(289)955-2683,12/07/1982,false
825,Shawn,152 Roxbury Alley,7-(379)274-0950,01/08/1988,false
826,Ryan,6695 Grasskamp Junction,86-(406)900-9172,29/05/1999,false
827,Craig,85590 Farwell Road,55-(562)342-6859,30/04/1983,false
828,John,611 Coolidge Center,7-(846)224-9992,01/12/1987,false
829,Gerald,82 Mayfield Way,86-(933)923-2445,07/10/1984,false
830,Bobby,525 Cherokee Street,972-(781)773-4833,22/06/1982,false
831,Ryan,23621 Maple Wood Circle,62-(930)373-4754,01/03/1982,true
832,Russell,921 Boyd Place,63-(602)471-3415,10/07/1989,true
833,Ralph,8 American Circle,81-(859)324-1166,15/04/1983,false
834,Bruce,81730 Blackbird Street,351-(128)740-9989,25/01/2000,false
835,Martin,06773 Fairfield Lane,62-(470)845-5197,05/05/1987,true
836,Steven,36 Columbus Parkway,86-(158)448-4104,11/03/1999,true
837,Carl,756 Warbler Drive,62-(894)337-4266,17/02/1992,false
838,Johnny,7033 Canary Hill,33-(980)252-9756,03/08/1999,true
839,Bobby,3739 Garrison Junction,86-(599)531-7068,09/10/1999,false
840,Bruce,5 Express Alley,62-(847)146-7657,08/04/1991,true
841,Randy,64 Northview Street,351-(978)204-0738,12/04/1995,true
842,Stephen,884 Sachs Street,420-(105)850-3105,05/01/1997,true
843,Terry,666 Badeau Plaza,54-(924)588-8863,22/02/1980,false
844,David,12268 Little Fleur Pass,86-(774)732-5595,12/10/1984,true
845,Wayne,743 Chinook Center,687-(248)532-5341,04/09/1992,true
846,Douglas,30 Spaight Park,66-(521)994-4870,05/06/2000,false
847,Eugene,6 Esker Avenue,62-(749)406-6424,14/09/1992,true
848,Bobby,4 Blaine Center,98-(507)735-6869,11/01/1984,false
849,Richard,80 Golf View Park,86-(420)183-1576,08/12/1987,false
850,Dennis,264 Roth Junction,1-(334)243-0487,27/12/1995,true
851,Martin,52 Susan Lane,63-(931)587-0520,01/10/1986,true
852,Christopher,423 Mallard Lane,86-(443)482-5606,07/12/1985,false
853,Ronald,87848 Coolidge Way,30-(847)938-5586,10/11/1989,true
854,Mark,3 Lindbergh Point,86-(129)719-0464,11/11/1990,true
855,Roger,2 Erie Center,62-(718)121-4391,16/03/1980,false
856,Juan,91 Westridge Place,86-(998)126-9323,25/02/1994,true
857,Wayne,1 Golden Leaf Junction,86-(463)662-8296,30/01/1988,true
858,Sean,560 Morrow Plaza,20-(389)966-8794,21/08/1980,false
859,John,928 Badeau Place,33-(124)935-2244,24/11/1989,false
860,Harry,2676 Burrows Terrace,62-(159)675-9851,07/03/1995,true
861,Andrew,686 Texas Terrace,55-(478)246-8822,01/07/1990,true
862,Kevin,594 Grayhawk Trail,507-(307)306-7342,04/10/1983,false
863,Eric,4 Towne Drive,46-(207)185-8380,26/04/1996,true
864,Wayne,458 Eastlawn Lane,86-(607)541-4280,19/02/1983,false
865,Samuel,7595 Columbus Place,1-(213)698-4997,27/02/1989,true
866,Wayne,9834 Killdeer Pass,62-(508)911-5403,23/11/1990,false
867,Douglas,705 Menomonie Drive,62-(295)346-7152,09/09/1986,true
868,Douglas,50858 Rieder Circle,48-(190)873-1039,23/10/1988,true
869,Jason,20918 Cambridge Parkway,86-(172)959-8552,19/06/1993,true
870,Richard,75135 Commercial Park,62-(797)663-1285,28/06/1980,true
871,Matthew,5273 Summer Ridge Plaza,380-(710)432-8091,30/10/1988,true
872,Eugene,335 Buena Vista Road,86-(775)773-8302,05/05/1995,false
873,Kenneth,6 Paget Center,51-(608)471-2706,13/08/1980,true
874,Steve,7 Logan Parkway,381-(626)333-2153,31/05/1990,true
875,Lawrence,41712 Roth Pass,420-(753)637-4621,21/03/1992,true
876,Lawrence,058 Mockingbird Plaza,63-(616)129-0759,30/07/1999,true
877,Eric,767 Summit Circle,373-(571)997-3557,08/02/1980,true
878,Samuel,89 Jay Road,46-(476)374-6020,29/11/1988,true
879,Thomas,97 Buena Vista Parkway,62-(271)857-7454,15/05/1993,false
880,Patrick,88693 Dakota Street,380-(567)164-9664,03/01/1989,true
881,Ronald,63914 Merchant Hill,47-(661)612-6690,25/12/1989,false
882,Ryan,7 Haas Alley,63-(140)663-2273,27/08/1980,false
883,Howard,0586 Laurel Trail,86-(179)384-7677,10/07/1995,true
884,Patrick,37 Sage Lane,46-(384)161-2997,30/10/1997,false
885,Steven,02559 Hoepker Street,86-(986)577-0888,02/07/1990,true
886,Ronald,22753 Havey Alley,63-(558)228-3174,28/07/1992,true
887,Mark,8 Lakeland Alley,86-(405)598-0934,03/04/1981,true
888,Alan,70997 Eastwood Alley,62-(304)897-4312,03/03/1997,true
889,Sean,54449 Gulseth Park,351-(139)950-1726,17/10/1983,false
890,Ralph,18786 Manitowish Park,505-(836)147-9531,03/01/1989,false
891,Arthur,9 Banding Parkway,420-(906)631-5975,31/12/1991,false
892,Roy,5 Marquette Pass,86-(981)645-0992,10/11/1984,false
893,Joseph,58 Clarendon Place,53-(757)408-2065,03/12/1982,true
894,Randy,30 Twin Pines Street,249-(416)279-8545,01/03/1988,true
895,Frank,1325 Susan Junction,86-(463)172-2907,26/10/1994,false
896,Chris,37825 Brentwood Street,370-(265)438-4840,02/03/1983,true
897,Daniel,007 Huxley Place,227-(711)885-8812,15/08/1988,false
898,Albert,1977 Dahle Way,7-(940)969-3955,23/08/1986,true
899,Samuel,6 Hauk Road,7-(377)766-8607,14/07/1995,false
900,Anthony,7813 Acker Terrace,970-(194)330-0127,03/01/1990,true
901,James,6295 Dwight Circle,1-(215)617-1001,29/10/1992,true
902,Wayne,311 Lyons Avenue,54-(541)753-7200,15/02/1989,false
903,Paul,94 Messerschmidt Pass,86-(782)614-1491,11/03/1985,true
904,Jeremy,937 Dixon Plaza,244-(723)608-9921,21/05/1987,true
905,Nicholas,41145 Roth Junction,86-(670)277-4745,15/12/1999,true
906,Gary,57 Talisman Lane,62-(924)215-4671,08/04/2000,false
907,Ernest,6029 Ronald Regan Trail,63-(583)856-5815,21/01/1999,false
908,Edward,0 Forest Park,31-(349)189-9829,22/05/1989,true
909,Victor,81800 Becker Terrace,380-(770)181-5731,12/05/1994,false
910,Joseph,7519 Arrowood Drive,63-(236)531-2545,20/02/1995,true
911,Phillip,6 Coolidge Park,380-(460)101-8389,01/07/2000,true
912,Richard,032 Myrtle Alley,86-(332)234-6528,22/03/1999,false
913,Jerry,1536 David Center,7-(492)185-9215,18/04/1999,false
914,Patrick,02015 Becker Place,55-(674)589-4011,30/12/1989,true
915,Todd,90562 Cardinal Plaza,46-(556)472-2987,30/03/1985,false
916,Jeremy,51863 Autumn Leaf Plaza,86-(669)511-4250,26/08/1980,false
917,Lawrence,09 Oak Crossing,33-(168)710-5244,17/04/1996,false
918,Jason,662 Sage Park,86-(862)435-9719,02/03/1986,false
919,Chris,62 Dexter Terrace,81-(778)210-0041,07/04/1997,false
920,Jason,6 Village Green Terrace,970-(928)373-9627,16/02/1992,true
921,Jeremy,96197 Darwin Trail,48-(254)916-7974,09/09/1998,false
922,Mark,95 Iowa Crossing,353-(276)875-3245,20/02/1999,true
923,Eugene,5 Oakridge Crossing,358-(842)271-8837,28/12/1998,false
924,Philip,84918 David Park,60-(327)588-2107,09/10/1987,false
925,Michael,5733 Loomis Alley,86-(211)517-9362,27/06/1989,true
926,Sean,23606 Boyd Drive,1-(281)744-5389,12/01/1980,false
927,Jesse,73 Dexter Drive,86-(164)422-4521,21/05/1996,true
928,Louis,85 Rockefeller Terrace,86-(392)152-5522,07/08/1997,false
929,Adam,65 Marcy Crossing,7-(162)519-3243,09/07/1989,false
930,Richard,17 Debs Park,353-(700)248-4714,22/03/1996,true
931,Robert,2709 Granby Plaza,381-(987)659-7342,26/07/1987,false
932,Carlos,576 Tomscot Way,351-(784)833-3510,09/02/1999,false
933,Raymond,7648 Moland Point,967-(857)663-3825,03/01/2000,false
934,Patrick,404 Esker Terrace,98-(378)923-6560,30/12/1994,false
935,John,3 Spaight Alley,351-(445)196-2273,08/01/1996,false
936,Phillip,19015 Moose Alley,599-(221)400-3779,10/05/1993,true
937,Roy,7 Luster Court,386-(476)522-8470,09/11/1993,false
938,Patrick,8 Briar Crest Alley,62-(136)784-4186,07/12/1982,false
939,Jesse,4 Golden Leaf Trail,1-(369)782-6266,14/01/1981,false
940,Patrick,3 Center Trail,62-(788)848-7177,05/05/1992,true
941,Terry,8132 Sugar Point,504-(830)253-9882,09/03/1983,true
942,Carlos,855 Cambridge Lane,86-(659)171-6969,15/07/1983,true
943,Victor,560 Mitchell Park,86-(361)883-3557,13/10/1984,false
944,Gary,8683 Annamark Lane,86-(374)568-9525,19/11/1983,true
945,Jeffrey,54823 Hollow Ridge Parkway,81-(847)499-6417,17/08/1980,false
946,Justin,06572 Hoard Court,30-(464)185-3899,06/02/1995,true
947,Chris,494 Michigan Point,63-(710)896-8100,22/01/1992,true
948,Harry,662 Gateway Drive,382-(773)724-5704,04/09/1987,true
949,Gerald,11136 Annamark Hill,55-(259)161-5868,14/03/1989,true
950,Frank,2853 Heffernan Junction,48-(939)824-8556,19/10/1982,true
951,Martin,6 Red Cloud Court,31-(226)536-0887,29/02/1992,true
952,Gregory,5 Fulton Street,970-(965)148-8081,24/09/1983,true
953,Aaron,6761 Sutteridge Junction,236-(964)656-4728,07/06/1986,false
954,Patrick,23990 Stoughton Lane,359-(376)225-9185,18/02/1985,false
955,Eugene,645 Canary Lane,62-(798)659-7666,19/07/1984,true
956,Edward,9255 Manufacturers Place,62-(905)151-2319,24/11/1991,false
957,Louis,36 Sloan Hill,51-(916)186-9555,17/02/1997,false
958,Andrew,25 Lakewood Gardens Road,52-(357)607-7503,27/08/1984,true
959,Ryan,31 Sommers Crossing,63-(720)408-4021,20/09/1989,true
960,Eric,07 Lighthouse Bay Park,86-(602)999-6745,13/09/1999,false
961,Edward,2 Merchant Circle,63-(760)259-9564,12/12/1992,true
962,Willie,69 Randy Plaza,52-(959)703-6242,24/06/1997,false
963,Henry,4248 Sunnyside Avenue,970-(710)159-4932,27/05/1984,false
964,Terry,25 Sutteridge Street,47-(251)679-0787,05/08/1988,false
965,Randy,7 Hooker Park,351-(965)170-7524,28/02/1998,false
966,Antonio,056 Katie Crossing,48-(352)262-8772,31/10/1982,false
967,Jerry,7730 Leroy Court,62-(606)324-7817,30/03/1983,true
968,Jonathan,186 Jana Way,681-(531)969-8631,13/01/1993,true
969,Lawrence,5592 Anniversary Road,51-(770)149-3764,22/08/1997,false
970,Chris,6 Fremont Trail,676-(731)810-5431,15/05/1982,false
971,Louis,498 Novick Parkway,86-(821)277-7174,10/10/1996,false
972,Bobby,1 Hollow Ridge Street,62-(566)336-5227,10/09/1994,true
973,Harry,3275 International Plaza,994-(222)582-3302,17/01/1992,true
974,Andrew,4978 Almo Point,66-(393)743-3841,18/11/1995,true
975,Roy,853 Moulton Court,20-(961)694-3699,02/08/1984,true
976,Mark,580 Welch Lane,230-(425)321-8727,14/10/1984,true
977,Jason,289 Blue Bill Park Park,31-(821)826-1556,29/08/1980,true
978,Jeremy,7543 Amoth Circle,86-(914)792-5271,28/08/1995,true
979,Peter,287 Judy Terrace,506-(958)886-1758,13/03/1982,false
980,Gary,0 Grayhawk Circle,86-(318)344-6286,24/07/1987,true
981,Martin,6 Pleasure Trail,62-(505)485-9597,08/12/1990,false
982,Brandon,56381 Aberg Junction,51-(940)873-1708,07/12/1996,true
983,Martin,1 Ohio Plaza,86-(509)139-4455,09/08/1981,true
984,Robert,3 Sutherland Avenue,86-(350)190-4913,10/05/1985,false
985,Kenneth,7 Melvin Plaza,63-(566)198-8910,01/08/1989,true
986,Johnny,8 Doe Crossing Center,55-(158)140-5086,03/06/1999,false
987,Fred,79342 Heffernan Hill,353-(818)413-5442,10/02/1997,false
988,Harry,455 Kedzie Parkway,970-(248)185-6749,24/11/1994,true
989,Peter,804 Anzinger Lane,86-(648)149-9717,29/12/1981,false
990,Antonio,2527 Toban Way,1-(431)134-7499,09/01/1983,false
991,Peter,3 Dexter Center,353-(254)519-1408,12/08/1981,false
992,Earl,7048 Rigney Trail,51-(873)926-3044,19/12/1998,true
993,Mark,8824 Jay Street,386-(444)420-4242,13/06/1984,true
994,Richard,4 Memorial Circle,86-(865)352-0142,10/10/1981,false
995,Jose,0499 Shasta Trail,86-(455)863-2172,19/02/1987,true
996,Alan,80 Arrowood Hill,86-(364)369-5648,30/07/1980,false
997,Louis,70249 Upham Drive,593-(652)888-7263,12/05/1988,true
998,Aaron,4 Northfield Pass,7-(197)172-1518,09/09/1992,true
999,Roger,912 Meadow Vale Drive,386-(585)168-7352,20/10/1999,true
1000,Walter,7394 Warbler Terrace,383-(722)690-5642,05/11/1996,false
